Workbook

Sheet Read me
A1: Delivery Health Model
A2: Three WiredTiger storage engine teams, two-week sprints, April 2025 to October 2026. Source: MongoDB public Jira, project WT.
A4: Sheets
A5: Summary: say-do ratio, scope added and carry-over by team, all live formulas over the Sprints sheet.
A6: Sprints: one row per sprint. Blue cells are data, black cells are formulas.
A7: Flow: one row per finished item, with cycle time split by status.
A8: Capacity planner: the formula from the Sprint Planning Field Guide. Change the blue inputs.
A10: Definitions
A11: Committed: in the sprint two hours after it started, rebuilt from each ticket history.
A12: Say-do ratio: committed items done by sprint end, divided by committed items.
A13: Scope added: items that joined the sprint after it started, divided by committed items.
A14: Built by Jeffrey Okonkwo.

Sheet Summary
A1: Delivery health by team
A3: Team | B3: Sprints | C3: Committed | D3: Committed done | E3: Say-do ratio | F3: Added | G3: Scope added % | H3: Carried over | I3: Sprints at 80%+
A4: SE Foundations | B4: =COUNTIF(Sprints!$A$2:$A$96,A4) -> 30 | C4: =SUMIF(Sprints!$A$2:$A$96,A4,Sprints!$F$2:$F$96) -> 175 | D4: =SUMIF(Sprints!$A$2:$A$96,A4,Sprints!$G$2:$G$96) -> 99 | E4: =IF(C4=0,"",D4/C4) -> 0.56571429 | F4: =SUMIF(Sprints!$A$2:$A$96,A4,Sprints!$H$2:$H$96) -> 103 | G4: =IF(C4=0,"",F4/C4) -> 0.58857143 | H4: =SUMIF(Sprints!$A$2:$A$96,A4,Sprints!$J$2:$J$96) -> 97 | I4: =COUNTIFS(Sprints!$A$2:$A$96,A4,Sprints!$O$2:$O$96,"Yes") -> 9
A5: SE Persistence | B5: =COUNTIF(Sprints!$A$2:$A$96,A5) -> 28 | C5: =SUMIF(Sprints!$A$2:$A$96,A5,Sprints!$F$2:$F$96) -> 61 | D5: =SUMIF(Sprints!$A$2:$A$96,A5,Sprints!$G$2:$G$96) -> 21 | E5: =IF(C5=0,"",D5/C5) -> 0.3442623 | F5: =SUMIF(Sprints!$A$2:$A$96,A5,Sprints!$H$2:$H$96) -> 146 | G5: =IF(C5=0,"",F5/C5) -> 2.3934426 | H5: =SUMIF(Sprints!$A$2:$A$96,A5,Sprints!$J$2:$J$96) -> 64 | I5: =COUNTIFS(Sprints!$A$2:$A$96,A5,Sprints!$O$2:$O$96,"Yes") -> 3
A6: SE Transactions | B6: =COUNTIF(Sprints!$A$2:$A$96,A6) -> 37 | C6: =SUMIF(Sprints!$A$2:$A$96,A6,Sprints!$F$2:$F$96) -> 536 | D6: =SUMIF(Sprints!$A$2:$A$96,A6,Sprints!$G$2:$G$96) -> 230 | E6: =IF(C6=0,"",D6/C6) -> 0.42910448 | F6: =SUMIF(Sprints!$A$2:$A$96,A6,Sprints!$H$2:$H$96) -> 271 | G6: =IF(C6=0,"",F6/C6) -> 0.50559701 | H6: =SUMIF(Sprints!$A$2:$A$96,A6,Sprints!$J$2:$J$96) -> 281 | I6: =COUNTIFS(Sprints!$A$2:$A$96,A6,Sprints!$O$2:$O$96,"Yes") -> 4
A7: Program | B7: =SUM(B4:B6) -> 95 | C7: =SUM(C4:C6) -> 772 | D7: =SUM(D4:D6) -> 350 | E7: =D7/C7 -> 0.45336788 | F7: =SUM(F4:F6) -> 520 | G7: =F7/C7 -> 0.67357513 | H7: =SUM(H4:H6) -> 442 | I7: =SUM(I4:I6) -> 16
A10: Say-do ratio by half year
A11: Team | B11: Apr to Dec 2025 | C11: Jan to Oct 2026 | D11: Change
A12: SE Foundations | B12: =IFERROR(SUMIFS(Sprints!$G$2:$G$96,Sprints!$A$2:$A$96,$A12,Sprints!$E$2:$E$96,"Apr to Dec 2025")/SUMIFS(Sprints!$F$2:$F$96,Sprints!$A$2:$A$96,$A12,Sprints!$E$2:$E$96,"Apr to Dec 2025"),"") -> 0.5 | C12: =IFERROR(SUMIFS(Sprints!$G$2:$G$96,Sprints!$A$2:$A$96,$A12,Sprints!$E$2:$E$96,"Jan to Oct 2026")/SUMIFS(Sprints!$F$2:$F$96,Sprints!$A$2:$A$96,$A12,Sprints!$E$2:$E$96,"Jan to Oct 2026"),"") -> 0.6 | D12: =IFERROR(C12-B12,"") -> 0.1
A13: SE Persistence | B13: =IFERROR(SUMIFS(Sprints!$G$2:$G$96,Sprints!$A$2:$A$96,$A13,Sprints!$E$2:$E$96,"Apr to Dec 2025")/SUMIFS(Sprints!$F$2:$F$96,Sprints!$A$2:$A$96,$A13,Sprints!$E$2:$E$96,"Apr to Dec 2025"),"") -> 0.37777778 | C13: =IFERROR(SUMIFS(Sprints!$G$2:$G$96,Sprints!$A$2:$A$96,$A13,Sprints!$E$2:$E$96,"Jan to Oct 2026")/SUMIFS(Sprints!$F$2:$F$96,Sprints!$A$2:$A$96,$A13,Sprints!$E$2:$E$96,"Jan to Oct 2026"),"") -> 0.25 | D13: =IFERROR(C13-B13,"") -> -0.12777778
A14: SE Transactions | B14: =IFERROR(SUMIFS(Sprints!$G$2:$G$96,Sprints!$A$2:$A$96,$A14,Sprints!$E$2:$E$96,"Apr to Dec 2025")/SUMIFS(Sprints!$F$2:$F$96,Sprints!$A$2:$A$96,$A14,Sprints!$E$2:$E$96,"Apr to Dec 2025"),"") -> 0.58585859 | C14: =IFERROR(SUMIFS(Sprints!$G$2:$G$96,Sprints!$A$2:$A$96,$A14,Sprints!$E$2:$E$96,"Jan to Oct 2026")/SUMIFS(Sprints!$F$2:$F$96,Sprints!$A$2:$A$96,$A14,Sprints!$E$2:$E$96,"Jan to Oct 2026"),"") -> 0.39359268 | D14: =IFERROR(C14-B14,"") -> -0.19226591

Sheet Sprints
A1: Team | B1: Sprint | C1: Start | D1: End | E1: Half | F1: Committed | G1: Committed done | H1: Added | I1: Added done | J1: Carried over | K1: Removed | L1: Say-do ratio | M1: Scope added % | N1: Carry-over % | O1: Hit 80%?
A2: SE Foundations | B2: SE Foundations - 2025-05-09 | C2: 2025-04-28 | D2: 2025-05-09 | E2: Apr to Dec 2025 | F2: 5 | G2: 0 | H2: 3 | I2: 3 | J2: 5 | K2: 0 | L2: =IF(F2=0,"",G2/F2) -> 0 | M2: =IF(F2=0,"",H2/F2) -> 0.6 | N2: =IF(F2+H2=0,"",J2/(F2+H2)) -> 0.625 | O2: =IF(L2="","",IF(L2>=0.8,"Yes","No")) -> No
A3: SE Foundations | B3: SE Foundations - 2025-05-23 | C3: 2025-05-13 | D3: 2025-05-23 | E3: Apr to Dec 2025 | F3: 4 | G3: 1 | H3: 1 | I3: 0 | J3: 4 | K3: 0 | L3: =IF(F3=0,"",G3/F3) -> 0.25 | M3: =IF(F3=0,"",H3/F3) -> 0.25 | N3: =IF(F3+H3=0,"",J3/(F3+H3)) -> 0.8 | O3: =IF(L3="","",IF(L3>=0.8,"Yes","No")) -> No
A4: SE Foundations | B4: SE Foundations - 2025-06-06 | C4: 2025-05-23 | D4: 2025-06-06 | E4: Apr to Dec 2025 | F4: 8 | G4: 4 | H4: 2 | I4: 1 | J4: 4 | K4: 1 | L4: =IF(F4=0,"",G4/F4) -> 0.5 | M4: =IF(F4=0,"",H4/F4) -> 0.25 | N4: =IF(F4+H4=0,"",J4/(F4+H4)) -> 0.4 | O4: =IF(L4="","",IF(L4>=0.8,"Yes","No")) -> No
A5: SE Foundations | B5: SE Foundations - 2025-06-20 | C5: 2025-06-06 | D5: 2025-06-20 | E5: Apr to Dec 2025 | F5: 6 | G5: 6 | H5: 3 | I5: 2 | J5: 1 | K5: 0 | L5: =IF(F5=0,"",G5/F5) -> 1 | M5: =IF(F5=0,"",H5/F5) -> 0.5 | N5: =IF(F5+H5=0,"",J5/(F5+H5)) -> 0.11111111 | O5: =IF(L5="","",IF(L5>=0.8,"Yes","No")) -> Yes
A6: SE Foundations | B6: SE Foundations - 2025-07-04 | C6: 2025-06-20 | D6: 2025-07-04 | E6: Apr to Dec 2025 | F6: 2 | G6: 1 | H6: 1 | I6: 1 | J6: 1 | K6: 0 | L6: =IF(F6=0,"",G6/F6) -> 0.5 | M6: =IF(F6=0,"",H6/F6) -> 0.5 | N6: =IF(F6+H6=0,"",J6/(F6+H6)) -> 0.33333333 | O6: =IF(L6="","",IF(L6>=0.8,"Yes","No")) -> No
A7: SE Foundations | B7: SE Foundations - 2025-07-18 | C7: 2025-07-04 | D7: 2025-07-18 | E7: Apr to Dec 2025 | F7: 0 | G7: 0 | H7: 0 | I7: 0 | J7: 0 | K7: 0 | L7: =IF(F7=0,"",G7/F7) | M7: =IF(F7=0,"",H7/F7) | N7: =IF(F7+H7=0,"",J7/(F7+H7)) | O7: =IF(L7="","",IF(L7>=0.8,"Yes","No"))
A8: SE Foundations | B8: SE Foundations - 2025-08-01 | C8: 2025-07-18 | D8: 2025-08-01 | E8: Apr to Dec 2025 | F8: 3 | G8: 0 | H8: 0 | I8: 0 | J8: 3 | K8: 0 | L8: =IF(F8=0,"",G8/F8) -> 0 | M8: =IF(F8=0,"",H8/F8) -> 0 | N8: =IF(F8+H8=0,"",J8/(F8+H8)) -> 1 | O8: =IF(L8="","",IF(L8>=0.8,"Yes","No")) -> No
A9: SE Foundations | B9: SE Foundations - 2025-08-15 | C9: 2025-08-01 | D9: 2025-08-15 | E9: Apr to Dec 2025 | F9: 5 | G9: 1 | H9: 2 | I9: 2 | J9: 3 | K9: 1 | L9: =IF(F9=0,"",G9/F9) -> 0.2 | M9: =IF(F9=0,"",H9/F9) -> 0.4 | N9: =IF(F9+H9=0,"",J9/(F9+H9)) -> 0.42857143 | O9: =IF(L9="","",IF(L9>=0.8,"Yes","No")) -> No
A10: SE Foundations | B10: SE Foundations - 2025-08-29 | C10: 2025-08-15 | D10: 2025-08-29 | E10: Apr to Dec 2025 | F10: 5 | G10: 4 | H10: 2 | I10: 0 | J10: 3 | K10: 0 | L10: =IF(F10=0,"",G10/F10) -> 0.8 | M10: =IF(F10=0,"",H10/F10) -> 0.4 | N10: =IF(F10+H10=0,"",J10/(F10+H10)) -> 0.42857143 | O10: =IF(L10="","",IF(L10>=0.8,"Yes","No")) -> Yes
A11: SE Foundations | B11: SE Foundations - 2025-09-12 | C11: 2025-08-29 | D11: 2025-09-12 | E11: Apr to Dec 2025 | F11: 6 | G11: 5 | H11: 3 | I11: 2 | J11: 1 | K11: 1 | L11: =IF(F11=0,"",G11/F11) -> 0.83333333 | M11: =IF(F11=0,"",H11/F11) -> 0.5 | N11: =IF(F11+H11=0,"",J11/(F11+H11)) -> 0.11111111 | O11: =IF(L11="","",IF(L11>=0.8,"Yes","No")) -> Yes
A12: SE Foundations | B12: SE Foundations - 2025-09-26 | C12: 2025-09-12 | D12: 2025-09-26 | E12: Apr to Dec 2025 | F12: 4 | G12: 1 | H12: 4 | I12: 1 | J12: 4 | K12: 0 | L12: =IF(F12=0,"",G12/F12) -> 0.25 | M12: =IF(F12=0,"",H12/F12) -> 1 | N12: =IF(F12+H12=0,"",J12/(F12+H12)) -> 0.5 | O12: =IF(L12="","",IF(L12>=0.8,"Yes","No")) -> No
A13: SE Foundations | B13: SE Foundations - 2025-10-10 | C13: 2025-09-26 | D13: 2025-10-09 | E13: Apr to Dec 2025 | F13: 1 | G13: 0 | H13: 3 | I13: 3 | J13: 1 | K13: 0 | L13: =IF(F13=0,"",G13/F13) -> 0 | M13: =IF(F13=0,"",H13/F13) -> 3 | N13: =IF(F13+H13=0,"",J13/(F13+H13)) -> 0.25 | O13: =IF(L13="","",IF(L13>=0.8,"Yes","No")) -> No
... A96: SE Transactions | B96: SE Transactions - 2026-10-09 | C96: 2026-09-25 | D96: 2026-10-09 | E96: Jan to Oct 2026 | F96: 37 | G96: 2 | H96: 9 | I96: 4 | J96: 16 | K96: 23 | L96: =IF(F96=0,"",G96/F96) -> 0.054054054 | M96: =IF(F96=0,"",H96/F96) -> 0.24324324 | N96: =IF(F96+H96=0,"",J96/(F96+H96)) -> 0.34782609 | O96: =IF(L96="","",IF(L96>=0.8,"Yes","No")) -> No

Sheet Flow
A1: Item | B1: Team | C1: Type | D1: Started | E1: Done | F1: Cycle days | G1: Working days | H1: Code review days | I1: Blocked days | J1: Other waiting days | K1: Flow efficiency
A2: WT-10779 | B2: SE Persistence | C2: Task | D2: 2026-02-10 | E2: 2026-06-29 | F2: 139.11 | G2: 33.82 | H2: 0 | I2: 11.06 | J2: 94.24 | K2: =IF(F2=0,"",G2/F2) -> 0.24311696
A3: WT-10792 | B3: SE Persistence | C3: Bug | D3: 2025-03-13 | E3: 2025-05-05 | F3: 53.11 | G3: 16.81 | H3: 27.17 | I3: 0 | J3: 9.13 | K3: =IF(F3=0,"",G3/F3) -> 0.3165129
A4: WT-11177 | B4: SE Persistence | C4: New Feature | D4: 2025-07-24 | E4: 2025-09-01 | F4: 38.82 | G4: 5 | H4: 33.82 | I4: 0 | J4: 0 | K4: =IF(F4=0,"",G4/F4) -> 0.12879959
A5: WT-12542 | B5: SE Foundations | C5: Bug | D5: 2025-06-02 | E5: 2025-06-18 | F5: 15.93 | G5: 10.86 | H5: 5.08 | I5: 0 | J5: 0 | K5: =IF(F5=0,"",G5/F5) -> 0.68173258
A6: WT-13368 | B6: SE Persistence | C6: Bug | D6: 2025-04-30 | E6: 2025-05-07 | F6: 6.99 | G6: 1.88 | H6: 5.1 | I6: 0 | J6: 0 | K6: =IF(F6=0,"",G6/F6) -> 0.26895565
A7: WT-13430 | B7: SE Foundations | C7: Bug | D7: 2024-08-30 | E7: 2025-11-13 | F7: 439.99 | G7: 74.83 | H7: 0.78 | I7: 0 | J7: 364.38 | K7: =IF(F7=0,"",G7/F7) -> 0.17007205
A8: WT-13454 | B8: SE Foundations | C8: Improvement | D8: 2025-09-19 | E8: 2025-10-17 | F8: 27.84 | G8: 12.89 | H8: 14.95 | I8: 0 | J8: 0 | K8: =IF(F8=0,"",G8/F8) -> 0.46300287
A9: WT-13551 | B9: SE Persistence | C9: Build Failure | D9: 2025-05-22 | E9: 2025-07-04 | F9: 42.92 | G9: 25.65 | H9: 0 | I9: 0 | J9: 17.28 | K9: =IF(F9=0,"",G9/F9) -> 0.59762349
A10: WT-13627 | B10: SE Transactions | C10: Bug | D10: 2025-05-30 | E10: 2025-06-04 | F10: 4.9 | G10: 4.9 | H10: 0 | I10: 0 | J10: 0 | K10: =IF(F10=0,"",G10/F10) -> 1
A11: WT-13703 | B11: SE Transactions | C11: Bug | D11: 2025-03-03 | E11: 2025-05-26 | F11: 84.11 | G11: 21.78 | H11: 4.26 | I11: 0 | J11: 58.07 | K11: =IF(F11=0,"",G11/F11) -> 0.25894662
A12: WT-13747 | B12: SE Persistence | C12: Task | D12: 2025-04-07 | E12: 2025-05-01 | F12: 24.07 | G12: 3.12 | H12: 20.95 | I12: 0 | J12: 0 | K12: =IF(F12=0,"",G12/F12) -> 0.12962194
A13: WT-14091 | B13: SE Foundations | C13: Improvement | D13: 2025-05-26 | E13: 2025-05-28 | F13: 2.12 | G13: 1.19 | H13: 0.93 | I13: 0 | J13: 0 | K13: =IF(F13=0,"",G13/F13) -> 0.56132075
... A415: WT-18804 | B415: SE Transactions | C415: Bug | D415: 2026-10-06 | E415: 2026-10-12 | F415: 5.48 | G415: 1.11 | H415: 4.37 | I415: 0 | J415: 0 | K415: =IF(F415=0,"",G415/F415) -> 0.20255474
E417: Median | F417: =MEDIAN(F2:F415) -> 4.145
E418: 85th pct | F418: =PERCENTILE(F2:F415,0.85) -> 18.1985
E419: Review share | F419: =SUM(H2:H415)/SUM(F2:F415) -> 0.23242782

Sheet Capacity planner
A1: Sprint capacity planner
A2: From the Sprint Planning Field Guide. Change the blue cells.
A4: People on the team | B4: 6
A5: Working days in the sprint | B5: 10
A6: Leave and holiday days (team total) | B6: 4
A7: Meeting days (team total) | B7: 6
A8: Focus factor | B8: 0.7
A9: Commit level | B9: 0.8
A10: Unplanned work buffer | B10: 0.2
A11: Raw person-days | B11: =B4*B5 -> 60
A12: Available person-days | B12: =B11-B6-B7 -> 50
A13: Real capacity (after focus factor) | B13: =B12*B8 -> 35
A14: Reserved for unplanned work | B14: =B13*B10 -> 7
A15: Commit up to (person-days) | B15: =(B13-B14)*B9 -> 22.4
